{
  "project_info": {
    "project_number": "786758849718",
    "firebase_url": "https://onlineopd-1cc6b.firebaseio.com",
    "project_id": "onlineopd-1cc6b",
    "storage_bucket": "onlineopd-1cc6b.appspot.com"
  },
  "client": [
    {
      "client_info": {
        "mobilesdk_app_id": "1:786758849718:android:bbe4c6ed63549297500217",
        "android_client_info": {
          "package_name": "com.example.onlineopd"
        }
      },
      "oauth_client": [
        {
          "client_id": "786758849718-19rt6an3v903551pf83vpq0308eiel0m.apps.googleusercontent.com",
          "client_type": 3
        }
      ],
      "api_key": [
        {
          "current_key": "AIzaSyA2sDW6qaRacNFO44RI8xZFHZ4Gholdqz4"
        }
      ],
      "services": {
        "appinvite_service": {
          "other_platform_oauth_client": [
            {
              "client_id": "786758849718-19rt6an3v903551pf83vpq0308eiel0m.apps.googleusercontent.com",
              "client_type": 3
            }
          ]
        }
      }
    }
  ],
  "configuration_version": "1"
}